PLAYER,TEAM,POS,AGE,GP,MPG,MIN%,USG%,TOr,FTA,FT%,2PA,2P%,3PA,3P%,TS%,PPG,RPG,TRB%,APG,AST%,SPG,BPG,VI
Quincy Acy,Tor,SF,23,7,8.5,16.8,14.7,0.102,8,0.625,9,0.444,5,0.4,0.542,2.7,2.1,14.6,0.6,10.5,0.57,0.43,7.1
Quincy Acy,Sac,F,23,3,17.6,34.2,6.3,0,1,1,6,0.833,1,0,0.739,3.7,3.3,10.9,0.3,2.9,0.33,1,3.5
Steven Adams,Okc,C,20,24,15.7,32.3,12.3,0.207,46,0.652,64,0.5,0,0,0.558,3.9,4.7,16,0.8,7.4,0.42,0.92,6.2
Jeff Adrien,Cha,PF,27,17,12.4,25.7,9.8,0.066,20,0.6,34,0.529,0,0,0.561,2.8,4.3,19.2,0.2,3.1,0.29,0.71,4.3
Arron Afflalo,Orl,SG,28,25,37.4,77,24.7,0.102,126,0.873,272,0.493,130,0.415,0.59,21.6,4.7,7,4,19.2,0.68,0.04,7.9
LaMarcus Aldridge,Por,PF,28,27,36.8,76.1,28.6,0.078,138,0.79,540,0.481,3,0,0.521,23.3,11.1,16.5,2.8,13.4,1.15,0.89,9.8
Lavoy Allen,Phi,PF,24,26,19.4,39.5,13.2,0.153,23,0.609,120,0.467,3,0.333,0.485,5,5.6,15.6,0.8,6.4,0.5,0.5,5.8
Ray Allen,Mia,SG,38,22,25,52,18.2,0.147,38,0.921,79,0.532,84,0.381,0.598,9.8,2.7,6.9,2.3,13.7,0.95,0.14,6.3
Tony Allen,Mem,SG,32,20,25.8,53.2,20.5,0.162,47,0.702,148,0.554,23,0.217,0.553,10.6,4.2,9.5,2.2,14.3,2.15,0.5,7.1
Al-Farouq Aminu,Nor,SF,23,23,24.3,49.7,14.4,0.126,41,0.537,133,0.496,8,0.125,0.494,6.8,6.8,15.7,1.5,9.3,1.22,0.61,6.8
Louis Amundson,Nor,PF,31,16,10.7,21.7,14.3,0.252,24,0.25,31,0.484,0,0,0.433,2.3,3.4,17.7,0.4,5,0.56,0.63,5.5
Chris Andersen,Mia,C,35,24,17.7,37,15.2,0.139,52,0.673,92,0.63,3,0.333,0.653,6.4,4.3,15.3,0.4,3.6,0.38,1.25,5
Alan Anderson,Bro,SF,31,25,25.2,52,14.9,0.084,30,0.767,85,0.471,88,0.364,0.534,8,2.7,6.2,1.2,7.5,0.88,0.12,4.7
James Anderson,Phi,SG,24,26,29.7,60.4,16,0.127,43,0.698,122,0.557,113,0.319,0.54,10.5,3.3,6.1,1.8,9.2,0.81,0.38,5.3
Ryan Anderson,Nor,PF,25,15,36,72.9,23.8,0.048,50,0.98,138,0.442,117,0.427,0.579,21.4,6,9.4,0.7,3.5,0.47,0.4,5
Giannis Antetokounmpo,Mil,SF,19,20,19.2,38.9,15.5,0.163,48,0.667,66,0.561,21,0.286,0.573,6.2,4.1,12,1.1,9.5,0.6,0.7,6.3
Carmelo Anthony,Nyk,PF,29,25,39.7,81.6,31.5,0.09,187,0.85,428,0.463,99,0.354,0.542,26.4,9,13.6,2.9,14.4,1.04,0.72,8.9
Pero Antic,Atl,PF,31,15,11,22.8,17.2,0.112,13,0.769,23,0.435,27,0.296,0.485,3.6,2.2,11.5,0.9,11.5,0.2,0.27,7
Trevor Ariza,Was,SF,28,19,35.8,72.2,18.8,0.138,51,0.706,107,0.523,115,0.409,0.591,15.2,5.8,9.3,2.6,11.9,1.89,0.37,6.8
Hilton Armstrong,Gol,F-C,29,3,5.3,10.3,5.3,0,2,0,1,1,0,0,0.532,0.7,3.7,38.2,0,0,0,0.33,0
Darrell Arthur,Den,SF,25,24,17.6,36.7,15.7,0.098,14,0.857,129,0.465,3,0,0.478,5.5,2.9,8.6,0.9,7.6,0.42,0.63,5.5
Omer Asik,Hou,C,27,17,18.1,37,12.9,0.222,39,0.641,53,0.472,0,0,0.534,4.4,6.8,20.8,0.4,3.3,0.24,0.41,5.1
D.J. Augustin,Tor,PG,26,10,8,16,20,0.253,6,1,13,0.462,11,0.091,0.394,2.1,0.4,2.9,1,19.2,0.1,0,4.7
D.J. Augustin,Chi,G,26,4,24.6,46.5,16.8,0.082,6,1,13,0.231,18,0.278,0.401,6.8,1.3,2.8,6,39.2,1,0,6.1
Gustavo Ayon,Atl,C,28,9,15.9,32.8,11.9,0.132,4,0.75,31,0.581,0,0,0.595,4.3,4.2,15.2,0.8,7.3,0.67,0.44,6.1
Jeff Ayres,San,PF,26,24,12.4,25.8,12.5,0.269,11,0.545,55,0.436,0,0,0.451,2.3,3.2,14.4,0.7,6.9,0.29,0.25,5.6
Jose Barea,Min,PG,29,26,18.4,38.2,22.2,0.118,25,0.68,139,0.424,74,0.311,0.455,7.8,2,5.7,3.8,33.2,0.38,0,8.5
Andrea Bargnani,Nyk,C,28,25,31.3,64.3,23.4,0.081,63,0.81,252,0.488,81,0.296,0.511,14.8,5.4,10.3,1.4,7.9,0.44,1.32,6.2
Harrison Barnes,Gol,SF,21,22,33.6,69.3,18.2,0.108,59,0.695,192,0.484,54,0.407,0.539,13.3,4.2,6.9,1.9,8.7,1.09,0.18,5.6
Matt Barnes,Lac,SF,33,8,19.8,40.7,16,0.176,20,0.85,22,0.409,16,0.25,0.502,5.9,4.3,12,1.6,11.8,1,0.13,6.9
Will Barton,Por,SG,23,8,5,10.1,21.8,0.201,2,1,11,0.455,4,0,0.378,1.5,0.9,9.6,1,28.9,0.25,0,8.8
Brandon Bass,Bos,PF,28,27,29.3,61,18.2,0.098,85,0.847,246,0.463,2,0.5,0.531,11.2,6.4,12.6,1.3,7.2,0.59,1.19,6.2
Shane Battier,Mia,SF,35,24,20,41.7,9.5,0.01,9,0.778,23,0.609,69,0.304,0.511,4.1,1.7,5.3,0.5,3.4,0.5,0.71,3
Nicolas Batum,Por,SF,25,27,35.5,73.4,17.5,0.187,66,0.803,134,0.545,151,0.404,0.608,14.1,6.3,9.7,5.2,21.4,1.07,0.63,8.7
Jerryd Bayless,Mem,PG,25,23,20.9,43.2,20.4,0.075,42,0.81,121,0.397,57,0.228,0.43,7.3,2.1,5.9,2,15.6,0.78,0.17,6
Aron Baynes,San,C,27,13,9.4,19.5,20.2,0.148,5,0.8,44,0.409,0,0,0.433,3.1,2.9,17.6,0.7,10.4,0,0,7.9
Kent Bazemore,Gol,SG,24,21,6.1,12.5,23.5,0.236,22,0.545,26,0.423,16,0.313,0.474,2.3,1,9.5,0.4,9.4,0.29,0.14,6.4
Bradley Beal,Was,SG,20,15,38.6,77.2,25.7,0.115,41,0.829,183,0.393,91,0.462,0.52,20.3,4.3,6.5,3.1,14.2,0.93,0.2,6.7
Michael Beasley,Mia,SF,25,14,17.4,36.2,28.5,0.109,26,0.769,101,0.554,18,0.5,0.609,11.4,4,14.6,0.6,7,0.43,0.5,6.9
Marco Belinelli,San,SF,27,25,21.8,45.5,18.1,0.124,18,0.778,112,0.491,71,0.535,0.623,9.5,2.8,7.1,2,13,0.72,0.08,6.9
Anthony Bennett,Cle,SF,20,20,9.7,20,18.4,0.149,8,0.375,42,0.333,23,0.174,0.314,2.2,2,11.2,0.2,3.1,0.4,0.1,4
Patrick Beverley,Hou,SG,25,23,32.1,66,14.2,0.117,35,0.743,93,0.495,103,0.34,0.527,9.7,4,6.8,2.3,10.8,1.35,0.43,5.6
Andris Biedrins,Uta,C,27,6,7.3,14.7,5.8,0.355,6,0.167,1,1,0,0,0.412,0.5,2.8,22.1,0,0,0,0,0
Chauncey Billups,Det,SG,37,11,20,40.5,14.7,0.188,12,0.833,22,0.364,33,0.303,0.464,5.1,2.1,5.9,2.9,20.5,0.64,0.09,6.3
Bismack Biyombo,Cha,C,21,22,18.8,39,8.9,0.198,38,0.474,48,0.667,0,0,0.633,3.7,6.5,19.4,0.1,0.8,0.09,0.91,2.9
DeJuan Blair,Dal,PF,24,25,21.1,44,19.7,0.158,46,0.543,175,0.537,2,0,0.54,8.5,7.4,19.8,1.4,10.2,1.28,0.32,8.4
Steve Blake,Lal,PG,33,21,31.6,65.9,16.2,0.213,26,0.808,81,0.395,100,0.4,0.533,9.8,3.3,5.5,7.7,36.2,0.86,0.05,8
Andray Blatche,Bro,PF,27,25,22.6,46.7,26.6,0.142,86,0.721,223,0.493,18,0.333,0.538,12,6,15.5,1.3,11.2,1,0.48,8
Eric Bledsoe,Pho,PG,24,18,34.3,71.1,26,0.178,106,0.792,182,0.538,66,0.333,0.587,19.2,4.3,7.2,6.4,31.7,1.67,0.28,9.4
Keith Bogans,Bos,SG,33,4,6.8,14.2,5,0.333,0,0,0,0,2,0,0,0,0.3,2.1,0,0,0.25,0,0
Andrew Bogut,Gol,C,29,25,27.5,56.8,13.2,0.218,39,0.385,144,0.611,0,0,0.593,7.6,9.9,19.7,1.7,9.4,0.72,1.72,7.3
Matt Bonner,San,PF,33,18,11.9,24.9,12,0.123,0,0,15,0.533,35,0.457,0.64,3.6,1.3,6.3,0.8,9.4,0.11,0.11,5.2
Trevor Booker,Was,PF,26,16,20.2,40.4,15.9,0.114,15,0.533,93,0.527,1,0,0.527,6.6,6,17.2,1.2,9.7,0.63,0.5,7.2
Carlos Boozer,Chi,PF,32,24,30.6,62.7,26.3,0.143,68,0.824,336,0.449,0,0,0.489,14.9,9.1,16.6,1.7,10.9,0.71,0.54,8
Chris Bosh,Mia,C,29,24,28.6,59.6,22.5,0.098,96,0.781,207,0.556,45,0.333,0.595,14.6,6.2,13.7,0.9,5.3,0.88,1.13,6.1
Avery Bradley,Bos,PG,23,27,30.3,63.2,22.6,0.118,34,0.735,271,0.465,74,0.392,0.506,13.5,4,7.5,1.3,7.7,1.07,0.22,5.4
Elton Brand,Atl,PF,34,18,11,22.7,13.5,0.153,18,0.667,42,0.476,0,0,0.521,2.9,3.3,17.2,0.6,7.3,0.33,0.67,6.5
Corey Brewer,Min,SF,27,26,33.5,69.5,17,0.118,70,0.743,178,0.528,104,0.279,0.523,12.6,2.8,4.5,1.4,6.6,1.65,0.35,4.4
Aaron Brooks,Hou,PG,29,21,15.7,32.3,21.9,0.177,21,0.857,73,0.411,53,0.453,0.555,7.1,1.5,5.4,2,20.4,0.9,0.1,7.1
MarShon Brooks,Bos,SG,25,8,6.1,12.7,26.4,0.211,10,0.8,16,0.375,2,0.5,0.513,2.9,1.1,10.6,0.4,9.9,0.13,0,7.1
Lorenzo Brown,Phi,SG,23,13,10.7,21.3,20.3,0.165,4,1,38,0.447,16,0.063,0.368,3.2,0.8,3.9,1.8,25.7,0.77,0.23,6.2
Kobe Bryant,Lal,SG,35,6,29.4,61.2,29.1,0.292,21,0.857,57,0.491,16,0.188,0.505,13.8,4.3,7.9,6.3,35.6,1.17,0.17,9.8
Reggie Bullock,Lac,SF,22,17,10.2,21,13.7,0.113,5,0.8,17,0.529,28,0.286,0.487,2.7,1.4,7.5,0.2,3.4,0.06,0.06,3.6
Trey Burke,Uta,PG,21,16,29.6,60.8,23.2,0.091,31,0.903,140,0.414,67,0.358,0.489,13.5,3.6,6.9,5.1,30.9,0.69,0.06,8.5
Alec Burks,Uta,SG,22,28,27.1,56.1,23.9,0.127,107,0.748,252,0.448,52,0.346,0.513,12.9,2.9,6.2,2.6,16.9,0.82,0.25,6.8
Caron Butler,Mil,SF,33,12,29.3,58.5,23.5,0.134,29,0.828,78,0.397,65,0.369,0.507,13.2,5.6,10.9,1.5,9.6,1,0.08,6.6
Jimmy Butler,Chi,SG,24,13,30.3,61.3,17.7,0.111,54,0.815,75,0.44,38,0.368,0.556,11.7,4.1,7.5,1.4,7.8,1.77,0.69,5.4
Rasual Butler,Ind,SG,34,10,6.3,12.9,14.7,0.1,0,0,5,0.6,13,0.615,0.833,3,0.6,5.5,0.2,5.6,0,0.2,4.5
Dwight Buycks,Tor,PG,24,12,9.9,19.9,19.2,0.118,9,0.889,26,0.346,15,0.333,0.456,3.4,1.7,9.8,0.8,13.6,0.5,0,6.7
Andrew Bynum,Cle,C,26,20,19.3,39.5,23.4,0.128,38,0.763,160,0.444,0,0,0.484,8.6,5.2,15.1,1.2,10.6,0.25,1.1,7.8
Will Bynum,Det,PG,31,12,16.9,34.3,23.9,0.179,33,0.697,68,0.441,9,0.333,0.503,7.7,1.7,5.6,2.7,25.1,1,0.17,7.8
Nick Calathes,Mem,SG,24,19,13.3,27.4,16.4,0.301,24,0.5,46,0.413,6,0.167,0.424,2.8,1.2,5.4,2.6,29.4,0.37,0.11,6.2
Jose Calderon,Dal,SG,32,24,30.5,63.5,15.7,0.123,19,0.895,85,0.471,134,0.47,0.629,11.9,1.9,3.5,4.5,21.8,0.83,0.04,6.1
Kentavious Caldwell-Pope,Det,SG,20,25,23.6,48.6,15.4,0.038,23,0.783,115,0.409,76,0.316,0.457,7.4,2.4,5.8,0.9,5.8,0.96,0.08,4.3
DeMarre Carroll,Atl,SF,27,26,30.5,63.3,14.5,0.11,53,0.811,117,0.521,86,0.326,0.55,9.6,5.8,10.9,1.6,7.8,1.23,0.23,5.9
Vince Carter,Dal,SG,37,24,24.5,50.9,22.1,0.113,50,0.8,136,0.419,101,0.347,0.5,10.8,3.6,8.3,2.8,17.7,0.71,0.46,7.8
Michael Carter-Williams,Phi,PG,22,15,36.5,73.1,25,0.17,79,0.671,165,0.442,68,0.324,0.495,17.7,5.8,8.6,7.3,32.1,3.13,0.73,10
Omri Casspi,Hou,PF,25,25,21.2,43.7,18.8,0.146,49,0.735,98,0.5,74,0.378,0.563,8.7,3.9,10.3,1.4,10.5,0.92,0.36,6.8
Mario Chalmers,Mia,PG,27,23,26.7,55.6,17.3,0.214,47,0.745,78,0.449,78,0.41,0.569,8.7,2.5,5.9,4.7,25.8,1.83,0.3,7
Tyson Chandler,Nyk,C,31,5,28.4,55.8,12.1,0.217,11,0.727,24,0.625,0,0,0.659,7.6,9,18.9,1.2,6.7,1,2.6,6.1
Wilson Chandler,Den,SF,26,18,28.5,59.3,17.9,0.076,33,0.697,99,0.515,82,0.341,0.534,11.6,4.5,8.4,1.8,9.8,0.94,0.67,6.4
Josh Childress,Nor,SF,30,4,5.8,10.9,1.9,1,0,0,0,0,0,0,,0,0.8,7.3,0.5,10.9,0.25,0,0
Dionte Christmas,Pho,SF,27,13,7,14.5,15.6,0.094,4,0.75,14,0.429,13,0.308,0.469,2.1,1.3,10.6,0.1,1.6,0.15,0,3.7
Earl Clark,Cle,PF,26,21,16.9,34.8,16.8,0.119,10,0.5,61,0.41,53,0.434,0.524,5.9,3.1,10.2,0.3,3.2,0.52,0.38,4.2
Ian Clark,Uta,SG,22,8,8.4,17.1,21,0.128,3,0.333,15,0.4,11,0.273,0.403,2.8,0.9,5.9,0.6,12.4,0.13,0.13,5.5
Norris Cole,Mia,PG,25,25,24.3,50.5,16.3,0.196,18,0.778,114,0.491,46,0.391,0.536,7.2,2.7,7.1,3.4,20.5,0.8,0.16,6.7
Darren Collison,Lac,PG,26,27,17.3,35.9,21.3,0.152,62,0.839,120,0.442,42,0.357,0.536,7.5,2.3,7.4,1.8,16.6,0.81,0.26,7.3
Nick Collison,Okc,PF,33,23,17.1,35.2,11.7,0.208,29,0.724,64,0.547,7,0.143,0.561,4.1,3.5,11,0.9,7.5,0.39,0.52,5.5
Mike Conley,Mem,PG,26,23,33.8,69.7,24.6,0.107,79,0.835,241,0.531,93,0.344,0.567,18.2,2,3.6,6.2,33.6,1.26,0.26,7.2
Chris Copeland,Ind,SF,29,11,6.3,13.1,20.9,0.031,2,1,6,0.333,24,0.375,0.534,3,0.3,2.4,0.4,9.8,0.09,0.18,4.5
DeMarcus Cousins,Sac,C,23,23,30.9,63.9,34.5,0.147,187,0.743,384,0.497,4,0,0.554,22.7,10.8,20.1,3.2,21.2,1.78,1.04,11.9
Jamal Crawford,Lac,SG,33,27,28.1,58.4,26.6,0.121,101,0.832,204,0.475,150,0.347,0.545,16.1,2.4,4.7,2.6,15.8,0.78,0.15,6.6
Jordan Crawford,Bos,SG,25,27,30.2,62.9,22,0.139,84,0.869,196,0.48,107,0.355,0.552,13.9,3.3,6.2,5.5,30.4,0.93,0.07,8.4
Jae Crowder,Dal,SF,23,25,17.7,37,14.8,0.122,16,0.75,57,0.544,66,0.348,0.55,5.7,2.6,8.3,1,8.2,0.72,0.32,5.6
Dante Cunningham,Min,SF,26,26,19.8,41.1,13.6,0.06,8,0.5,152,0.454,2,0,0.451,5.5,4.2,11.4,1.2,8.9,0.85,0.69,6.1
Stephen Curry,Gol,PG,25,23,37.2,76.7,28.9,0.171,111,0.883,235,0.502,180,0.417,0.603,24.3,4.2,6.2,9,42.6,1.83,0.3,10.5
Samuel Dalembert,Dal,C,32,24,21.7,45.2,13.3,0.172,49,0.776,107,0.579,1,0,0.625,6.8,6.5,17,0.5,3.3,0.75,1.38,5.2
Luigi Datome,Det,SF,26,13,6.5,13.1,24.8,0.084,2,1,20,0.45,23,0.174,0.365,2.5,1.1,9.5,0.2,3.7,0.15,0.08,5
Brandon Davies,Phi,PF,22,23,12.1,24.6,12.9,0.189,22,0.682,56,0.357,3,0,0.4,2.4,2.2,9.9,0.7,8.4,0.52,0.17,5.1
Anthony Davis,Nor,C,20,17,33.3,67.6,24.2,0.077,98,0.827,243,0.502,0,0,0.568,19.1,10.3,17.4,1.5,7.6,1.71,3.35,8
Ed Davis,Mem,PF,24,19,16,32.9,19.1,0.119,31,0.548,97,0.536,0,0,0.547,6.4,3.9,14.4,0.5,5.7,0.21,0.84,5.8
Glen Davis,Orl,PF,28,15,30.9,63,22.2,0.115,42,0.667,179,0.453,3,0.667,0.489,13.1,6.6,12,1.7,9.8,1.33,0.6,6.8
Nando De Colo,San,SF,26,9,7.9,16.5,18.8,0.34,1,0,8,0.5,11,0.364,0.514,2.2,1.4,10.3,1.3,22.6,0.56,0,8
Matthew Dellavedova,Cle,SG,23,17,13.5,27.6,11.5,0.135,10,0.7,23,0.522,24,0.458,0.623,3.8,1.4,5.8,1.1,12.2,0.59,0,5.3
Luol Deng,Chi,SF,28,20,38.2,77.9,24.4,0.124,111,0.802,255,0.498,57,0.281,0.542,19.6,7,10.2,4.1,20.6,0.95,0.2,8.6
DeMar DeRozan,Tor,SG,24,23,38.2,78.2,26.8,0.097,144,0.806,327,0.465,85,0.318,0.527,21.8,3.9,5.9,3.1,15.3,1.13,0.52,6.7
Boris Diaw,San,PF,31,24,23.2,48.4,18.9,0.146,29,0.724,149,0.611,37,0.27,0.586,9.7,3.3,8,2,12.4,0.5,0.46,6.9
Gorgui Dieng,Min,C,24,14,6.2,12.8,17.2,0.252,13,0.385,21,0.429,0,0,0.43,1.6,2.2,19.1,0.5,11.8,0.29,0.86,7.8
Toney Douglas,Gol,PG,27,12,12.5,25.5,18.7,0.174,3,1,17,0.412,34,0.412,0.564,4.9,1.3,5.9,1.1,13.3,0.33,0,6.1
Goran Dragic,Pho,SG,27,21,35,72.6,23.8,0.138,125,0.784,207,0.527,75,0.373,0.593,19,2.9,4.7,6,28.3,1.1,0.24,7.9
Andre Drummond,Det,C,20,27,32.9,67.7,16.6,0.106,99,0.384,259,0.622,1,0,0.593,13.3,12.7,21.9,0.3,1.5,1.63,1.44,4.5
Jared Dudley,Lac,SF,28,27,29,60.2,14.1,0.113,24,0.708,105,0.533,104,0.365,0.553,9,2,3.9,1.7,8.7,0.63,0.11,4.3
Tim Duncan,San,C,37,23,28,58.3,25.3,0.125,88,0.773,273,0.465,2,0,0.513,14,9,18.3,3.1,16.9,0.48,1.74,10.4
Mike Dunleavy,Chi,SF,33,24,27.8,56.9,17.1,0.107,41,0.854,111,0.477,96,0.385,0.56,10.5,4,8.1,1.9,12.1,0.58,0.29,6.2
Kevin Durant,Okc,SF,25,24,37.9,78.3,30.3,0.128,240,0.879,345,0.51,101,0.406,0.622,28.6,8.2,11.6,4.8,22.5,1.54,0.96,11
Wayne Ellington,Dal,SG,26,16,8.5,17.6,17.5,0.038,5,0.8,28,0.429,21,0.286,0.449,2.9,0.7,4.6,0.4,7.6,0.38,0.13,4.4
Monta Ellis,Dal,PG,28,25,36.1,75.2,27,0.153,145,0.841,346,0.488,56,0.357,0.558,20.8,3.4,5.3,5.5,25.4,1.64,0.16,8.1
Jeremy Evans,Uta,SF,26,15,20.7,42.5,16.8,0.104,17,0.765,96,0.521,0,0,0.546,7.5,6.1,16.9,1.1,9,0.67,0.87,7.1
Reggie Evans,Bro,PF,33,18,12.9,26.5,12.5,0.305,28,0.571,31,0.355,0,0,0.439,2.1,4.6,20.8,0.1,1.3,0.17,0.11,3.1
Tyreke Evans,Nor,SF,24,22,24.5,50.2,25.3,0.146,89,0.798,203,0.438,22,0.091,0.483,11.6,4.7,10.7,3.7,24.3,1.23,0.36,9.6
Kenneth Faried,Den,PF,24,24,24.3,50.6,18.4,0.105,66,0.576,189,0.54,3,0,0.547,10.1,8.5,18.6,0.8,5.3,0.67,0.79,6.7
Jordan Farmar,Lal,PG,27,18,18.8,39.1,24.9,0.194,22,0.773,88,0.466,56,0.393,0.537,9.2,2.9,8.4,4.4,39.8,0.67,0.22,10.4
Vitor Faverani,Bos,C,25,27,14.5,30.3,19.2,0.199,33,0.606,85,0.494,33,0.333,0.517,5.1,4.1,16.2,0.5,5.3,0.33,0.93,6
Derrick Favors,Uta,PF,22,26,31.8,65.8,20.5,0.144,111,0.658,272,0.518,1,0,0.552,13.7,9.2,16.4,1.3,7.1,1.15,1.58,6.9
Raymond Felton,Nyk,PG,29,16,32.2,65.9,19,0.152,18,0.778,109,0.459,61,0.279,0.464,10.3,2.4,4.5,5.2,26.4,0.94,0.63,6.3
Landry Fields,Tor,SF,25,18,14.3,29.1,12.7,0.096,22,0.636,51,0.392,5,0,0.411,3,2.8,11.3,0.9,10,0.39,0.11,5.5
Derek Fisher,Okc,SG,39,23,13.5,27.9,11.9,0.129,16,0.938,33,0.485,34,0.206,0.459,3,1.2,4.9,1.1,11.5,0.65,0,4.7
Evan Fournier,Den,SG,21,21,11.9,24.8,18.6,0.13,17,0.588,55,0.382,31,0.355,0.455,4,1.4,6.1,0.8,10.2,0.1,0.14,5.5
Randy Foye,Den,SG,30,24,24.7,51.5,17.9,0.118,45,0.822,79,0.405,117,0.35,0.519,9.3,2.2,4.6,2.2,13.1,0.75,0.5,5.8
Jamaal Franklin,Mem,SG,22,11,9.6,19.6,14,0.157,2,1,19,0.368,7,0.429,0.465,2.3,1.6,10.1,0.4,5.8,0.36,0.09,4.7
Jimmer Fredette,Sac,SG,24,12,10.3,21.2,23,0.125,7,1,39,0.359,14,0.5,0.499,4.7,1.6,8.8,1.2,19.4,0.5,0,8.1
Joel Freeland,Por,C,26,26,14.7,30.5,12.5,0.227,16,0.875,76,0.474,2,0,0.506,3.3,3.6,13.4,0.9,8.6,0.23,0.58,6
Channing Frye,Pho,PF,30,24,27.1,56.2,17.1,0.105,22,0.818,103,0.534,110,0.436,0.611,11.3,5.2,10.9,0.9,5.4,0.88,0.79,5.5
Francisco Garcia,Hou,SF,32,25,20.3,41.8,15.7,0.099,10,0.7,50,0.5,109,0.349,0.523,6.8,2.6,7.1,1,7.9,0.64,0.88,5.1
Kevin Garnett,Bro,C,37,23,21.9,45.2,19.6,0.117,15,0.733,179,0.385,3,0,0.395,6.5,7.2,19.1,1.8,14.2,0.83,0.74,8
Diante Garrett,Uta,PG,25,19,14.6,30,15.8,0.258,4,1,52,0.385,18,0.389,0.453,3.4,1.1,4.3,2.6,27.8,0.79,0,5.8
Marc Gasol,Mem,C,29,13,34.2,70.1,22.5,0.101,61,0.885,167,0.461,1,0,0.534,16,7.1,12.2,4.3,21.7,0.92,1.08,9.2
Pau Gasol,Lal,C,33,25,30.1,62.7,25.7,0.13,85,0.741,335,0.442,9,0.333,0.482,14.7,9.3,16.5,3,16.9,0.28,1.28,9.9
Rudy Gay,Tor,SF,27,18,35.3,71.9,30.5,0.136,88,0.773,276,0.391,59,0.373,0.468,19.4,7.4,12.1,2.2,11.8,1.56,1.28,7.7
Rudy Gay,Sac,F,27,4,33.8,66.9,24.2,0.15,26,0.808,45,0.578,6,0.167,0.609,19,2.5,4.2,2.3,12,2,1,5.7
Alonzo Gee,Cle,SF,26,24,19.5,40.2,10.6,0.187,16,0.813,59,0.458,25,0.36,0.516,3.9,2.6,7.4,0.7,5.1,0.83,0.17,3.9
Paul George,Ind,SF,23,25,36.9,76.5,28.4,0.121,148,0.858,278,0.493,160,0.406,0.592,23.8,5.8,9,3.6,18.6,2.04,0.28,8.6
Taj Gibson,Chi,PF,28,24,26.6,54.4,22,0.139,66,0.712,236,0.479,1,0,0.513,11.4,6.5,13.7,0.7,5.1,0.25,1.21,5.6
Manu Ginobili,San,SG,36,25,23,48,23.3,0.173,37,0.892,131,0.573,97,0.361,0.589,11.5,3.8,9.3,4.7,30.5,0.96,0.16,10.3
Rudy Gobert,Uta,C,21,17,10.4,21.5,16.2,0.299,33,0.424,30,0.4,0,0,0.427,2.2,4.6,25.1,0.2,2.5,0.24,0.82,4.9
Ryan Gomes,Okc,SF,31,4,6.8,13.5,11.2,0.143,0,0,4,0.5,2,0,0.333,1,0.8,5.9,0.3,5,0,0,3.7
Archie Goodwin,Pho,SG,19,23,10.7,22.2,19.5,0.195,15,0.533,58,0.552,22,0.091,0.45,3.4,1.8,9.5,0.3,5,0.39,0.3,4.6
Ben Gordon,Cha,SG,30,11,16,33,22,0.153,16,0.75,50,0.4,15,0.2,0.423,5.5,1.6,5.7,1.5,15.9,0.55,0.09,5.9
Eric Gordon,Nor,SG,25,24,31.9,65.3,22.7,0.119,84,0.786,217,0.442,93,0.387,0.527,15.3,2.7,4.7,3.2,16,1.58,0.25,6.4
Aaron Gray,Was,C,29,24,34.2,69.4,17.7,0.128,62,0.71,252,0.516,1,1,0.548,12.8,9,15.1,1.7,8.1,0.42,1.5,6.8
Aaron Gray,Sac,C,29,2,9.3,17.6,21.2,0.225,2,0.5,6,0.5,0,0,0.509,3.5,4.5,27.7,0,0,0,0,0
Danny Green,San,SG,26,25,22,45.7,15.3,0.141,9,0.778,62,0.484,93,0.409,0.569,7.2,3,7.8,1.3,7.9,1.12,0.84,5.5
Draymond Green,Gol,SF,23,26,20.2,41.8,13.3,0.177,32,0.5,59,0.424,57,0.386,0.507,5.1,4.4,12,1.4,9.7,0.92,0.73,6.2
Gerald Green,Pho,SG,28,24,26.2,54.3,21.6,0.135,43,0.791,98,0.52,146,0.363,0.561,12.3,2.8,6,1.4,8.7,0.54,0.58,5.6
Jeff Green,Bos,SF,27,27,33.5,69.8,22.3,0.115,121,0.785,242,0.471,98,0.408,0.563,16.4,4.6,7.9,1.6,8.2,0.41,0.41,5.9
Willie Green,Lac,SG,32,15,18.4,38.1,16,0.091,14,0.786,45,0.356,39,0.333,0.455,5.5,1.5,4.5,0.8,6.4,0.27,0.33,4.1
Blake Griffin,Lac,PF,24,27,36.2,75.2,25.6,0.13,184,0.668,395,0.522,13,0.385,0.562,20.4,10.3,16,3.1,15.2,1,0.7,9.6
Jordan Hamilton,Den,SF,23,22,18.1,37.8,20.8,0.105,19,0.842,75,0.48,88,0.386,0.554,8.6,4.1,11.9,1,8.5,0.86,0.23,7.2
Tyler Hansbrough,Tor,PF,28,21,19.2,39.2,14.8,0.143,78,0.731,79,0.443,1,0,0.555,6,5.6,16.8,0.3,2.7,0.43,0.33,4.5
Tim Hardaway,Nyk,SG,21,24,17.2,35.3,19.9,0.079,23,0.826,77,0.519,75,0.427,0.601,8.1,1.3,4.4,1,9.9,0.5,0.17,5.1
James Harden,Hou,SG,24,22,38.5,79.1,28,0.163,192,0.849,225,0.538,142,0.31,0.595,24.4,4.6,6.7,5.8,25.9,1.41,0.5,9
Maurice Harkless,Orl,SF,20,25,22.1,45.5,16.1,0.132,51,0.51,106,0.462,42,0.357,0.496,6.8,3.2,8,0.7,5.1,1.04,0.72,4.5
Josh Harrellson,Det,C,24,18,9.1,18.7,13.7,0.096,2,1,29,0.552,17,0.353,0.555,2.9,2.3,14.1,0.4,7.4,0.22,0.39,6.1
Al Harrington,Was,PF,33,7,18.3,35,22.5,0.14,7,0.714,24,0.292,28,0.429,0.499,7.9,1.4,4.5,1,8.9,0.57,0,4.9
Elias Harris,Lal,SF,24,2,5.4,11.3,4.1,0,0,0,1,0,0,0,0,0,0.5,4.9,0.5,11.8,0.5,0,0
Mike Harris,Uta,PF,30,19,11.2,23.2,16.9,0.138,25,0.96,56,0.464,2,0,0.551,4,1.7,8.6,0.3,3.8,0.84,0.37,4.5
Tobias Harris,Orl,PF,21,5,21.5,42.1,23.3,0.073,14,0.786,32,0.406,13,0.154,0.42,8.6,5.4,14.2,1,7.6,0.2,0,6.7
Udonis Haslem,Mia,PF,33,14,11.7,24.3,13.4,0.152,14,0.571,33,0.455,0,0,0.485,2.7,2,10.9,0.1,1.7,0.14,0.14,2.8
Spencer Hawes,Phi,C,25,24,31.8,64.5,19.6,0.153,52,0.75,181,0.53,94,0.436,0.594,14.8,9,15.4,3,15.1,0.46,1.63,9.3
Chuck Hayes,Sac,C,30,16,11,22.5,10.7,0.166,7,0.714,32,0.438,0,0,0.47,2.1,2.9,15.4,0.4,5.1,0.69,0.13,4.9
Gordon Hayward,Uta,SF,23,28,36.1,74.7,24.6,0.144,132,0.826,309,0.453,104,0.26,0.499,16.8,5.3,8.4,4.6,22.6,1.25,0.46,8.2
Gerald Henderson,Cha,SG,26,26,32.4,67.2,23.9,0.104,122,0.779,313,0.425,31,0.258,0.484,14.8,4.6,7.9,2.6,15.1,0.96,0.46,6.9
Xavier Henry,Lal,SF,22,25,19.9,41.4,23,0.119,104,0.625,137,0.453,46,0.37,0.525,9.6,2.6,7,1,8.4,1,0.16,5.9
John Henson,Mil,PF,23,25,28.2,57.5,21.1,0.124,75,0.6,249,0.526,1,0,0.542,12.3,7.9,15.9,1.8,12.4,0.8,2.16,7.9
Roy Hibbert,Ind,C,27,25,30.5,63.3,20.7,0.151,101,0.792,245,0.473,3,0.333,0.539,12.6,8.6,16,1.2,6.9,0.32,2.88,6.6
J.J. Hickson,Den,PF,25,24,24.7,51.5,21.8,0.124,89,0.562,221,0.502,1,0,0.521,11.3,8.4,18.1,1,7,0.63,0.83,7.4
Nene Hilario,Was,PF,31,17,31.8,64,21.3,0.113,95,0.642,184,0.522,1,0,0.558,14.9,6,10.9,2.8,15.3,1.12,1,7.9
George Hill,Ind,PG,27,22,32.2,66.8,16.9,0.13,59,0.814,119,0.412,83,0.386,0.531,11,3.7,6.6,3.7,18.4,1.09,0.59,6.6
Jordan Hill,Lal,PF,26,25,21,43.7,18.2,0.116,64,0.688,163,0.589,0,0,0.617,9.4,8.1,20.6,1,8.3,0.28,0.88,8.1
Solomon Hill,Ind,SF,22,16,8.8,18.2,11.1,0.234,5,0.8,7,0.571,17,0.235,0.458,1.5,1.6,10.5,0.6,9.3,0.13,0.13,5.1
Kirk Hinrich,Chi,PG,33,21,32,65.3,16.3,0.198,50,0.82,93,0.376,79,0.291,0.464,8.6,3.2,5.6,5.2,26.3,1.24,0.33,6.5
Jrue Holiday,Nor,PG,23,24,34.2,70,22.9,0.181,50,0.86,264,0.47,62,0.387,0.522,15.1,4.3,7.1,8.1,38.5,1.58,0.42,9.4
Ryan Hollins,Lac,PF,29,24,8.3,17.3,13.4,0.267,25,0.56,33,0.667,0,0,0.659,2.4,1.7,11.2,0,0.7,0.08,0.38,0
Al Horford,Atl,C,27,26,32.8,68.1,24.9,0.128,76,0.671,366,0.563,9,0.222,0.574,18,8.5,14.9,2.6,14.3,1,1.58,9
Dwight Howard,Hou,C,28,26,33.4,68.7,23.6,0.178,249,0.562,271,0.583,3,0.333,0.598,17.7,13,21.6,1.7,8.4,0.81,1.81,8.8
Robbie Hummel,Min,SF,24,20,11.9,24.7,12.6,0.042,5,1,30,0.467,37,0.324,0.499,3.5,2.9,13,0.4,4.9,0.35,0.05,5.4
Kris Humphries,Bos,PF,28,20,15.1,31.4,17.2,0.149,23,0.87,86,0.547,1,0,0.587,5.7,4.4,16.7,0.7,7.1,0.25,0.8,6.9
Serge Ibaka,Okc,PF,24,24,32.7,67.5,19.6,0.102,66,0.788,276,0.525,12,0.25,0.554,14.6,9.5,15.6,1,4.8,0.33,2.33,6.3
Andre Iguodala,Gol,SF,30,14,35.5,72.8,14.7,0.2,41,0.61,64,0.594,50,0.46,0.644,12.1,3.9,6.1,6,25.2,1.79,0.29,7.4
Ersan Ilyasova,Mil,PF,26,18,27.3,55.2,18.4,0.153,28,0.786,117,0.436,37,0.216,0.445,8.2,4.6,9.6,1.7,10.7,1.06,0.22,5.9
Kyrie Irving,Cle,PG,21,24,34.2,70.4,31.1,0.123,116,0.81,332,0.44,121,0.331,0.502,21.1,3.1,5,6,33.7,1.08,0.21,8.6
Jarrett Jack,Cle,PG,30,24,26.3,54.1,19.5,0.173,38,0.868,153,0.451,59,0.39,0.525,10,2.8,5.9,3.7,23.2,0.79,0.38,7.1
Reggie Jackson,Okc,PG,23,24,24.4,50.3,22.8,0.147,43,0.953,184,0.533,58,0.293,0.552,12,3.8,8.4,3.5,23.3,0.92,0.08,8.9
Stephen Jackson,Lac,F,35,5,13.8,28.2,14.1,0.138,4,0.5,8,0.5,9,0,0.267,2,1.2,4.9,0.4,4,0.8,0.2,2.9
Bernard James,Dal,C,28,12,7.3,15.3,13.2,0.192,7,0.857,17,0.471,1,0,0.522,1.8,2.4,18.6,0.1,1.6,0.08,0.33,4.1
LeBron James,Mia,PF,29,25,35.3,73.6,29.8,0.167,183,0.787,309,0.641,73,0.411,0.681,25.2,6.8,12.3,6.5,34.1,1.48,0.32,11.7
Mike James,Chi,PG,38,7,5.2,10.3,13.6,0.091,0,0,8,0.125,2,0,0.1,0.3,0.4,4.6,0.9,24.3,0.14,0,3.7
Antawn Jamison,Lac,PF,37,12,13,26.8,19.9,0.086,15,0.533,34,0.353,23,0.304,0.417,4.4,3.1,13.3,0.3,2.9,0.42,0.17,4.9
Al Jefferson,Cha,PF,29,17,31.5,65.2,25.2,0.057,62,0.661,253,0.443,0,0,0.473,15.6,9.3,16.4,1.9,12.5,0.94,1.41,8.3
Richard Jefferson,Uta,SF,33,28,26.5,54.8,17.6,0.148,55,0.8,131,0.443,92,0.402,0.548,9.7,2.9,6.2,1.6,10.2,0.64,0.25,5.4
John Jenkins,Atl,SG,22,12,11.5,23.7,14.9,0.221,3,1,17,0.529,17,0.235,0.467,2.8,1.6,7.9,0.8,9.3,0.08,0.08,5.3
Brandon Jennings,Det,PG,24,25,37,76.2,24.6,0.164,104,0.769,265,0.408,128,0.367,0.498,17.5,3.6,5.4,8,34.6,1.6,0.08,8.6
Jonas Jerebko,Det,PF,26,19,7.9,16.2,20.9,0.222,16,0.75,31,0.548,18,0.389,0.598,3.5,1.5,11,0.5,9.5,0.21,0.11,7
Amir Johnson,Tor,PF,26,23,29.4,60.1,16.2,0.143,38,0.763,169,0.657,24,0.25,0.641,11.7,7,13.9,1.3,7.9,0.61,1.09,6.4
James Johnson,Mem,F,26,2,12.2,23,16.6,0.114,4,1,2,0,4,0.75,0.838,6.5,1,4.9,1,13,0.5,0,6.1
Joe Johnson,Bro,SG,32,25,34,70.3,21.4,0.071,71,0.817,201,0.458,133,0.429,0.565,16.5,3.4,5.7,2.8,14.7,0.48,0.28,6.3
Orlando Johnson,Ind,SG,24,23,13.3,27.5,15.6,0.115,18,0.889,47,0.468,37,0.216,0.457,3.7,1.9,8,0.7,7.6,0.26,0.04,5.1
Wesley Johnson,Lal,SF,26,25,25.8,53.7,15,0.11,14,0.786,105,0.448,84,0.405,0.53,8.3,3.6,7.4,1.5,9,1.16,1.4,5.5
James Jones,Mia,SF,33,8,7.4,15.4,19.3,0.041,5,0.6,5,0,16,0.5,0.582,3.4,0.6,5.3,0.5,10.2,0.13,0.13,5.4
Perry Jones,Okc,PF,22,16,9.3,19.1,16.5,0.124,10,0.4,33,0.576,12,0.5,0.607,3.8,1.9,10.9,0.3,5.3,0.25,0.38,5.6
Solomon Jones,Orl,PF,29,10,8,16.2,11.2,0.101,4,0.5,16,0.375,0,0,0.394,1.4,1.6,11.2,0.2,3.7,0.2,0.2,3.8
Terrence Jones,Hou,PF,22,23,24.1,49.6,17.8,0.098,51,0.608,141,0.525,39,0.333,0.538,9.5,6.6,15.1,1.1,7.6,0.57,1.35,6.8
DeAndre Jordan,Lac,C,25,27,34.8,72.3,12.5,0.159,129,0.403,165,0.648,0,0,0.6,9.9,13,20.9,0.8,3.4,1.04,2.19,5.4
Cory Joseph,San,SG,22,18,8,16.7,22.4,0.14,28,0.75,46,0.478,3,0.333,0.554,3.8,1.1,7.4,0.9,16.9,0.17,0,7.8
Chris Kaman,Lal,C,31,13,16.6,34.7,26.2,0.186,11,0.727,100,0.5,0,0,0.515,8.3,5.1,16.3,1.1,11.7,0.31,0.77,8.7
Enes Kanter,Uta,C,21,27,26.9,55.7,22.2,0.145,55,0.764,282,0.472,0,0,0.503,11.4,5.7,12.2,0.8,5.2,0.3,0.74,5.5
Sergey Karasev,Cle,SF,20,12,8.8,17.8,15.3,0.192,10,0.9,11,0.364,14,0.286,0.493,2.4,1.1,6.9,0.3,5.7,0.17,0.08,4.2
Michael Kidd-Gilchrist,Cha,SF,20,18,26.5,54.9,17.2,0.171,60,0.667,119,0.521,5,0,0.545,9.1,5.3,11.1,0.7,4.8,0.56,0.72,4.9
Andrei Kirilenko,Bro,PF,32,4,12.9,25.5,22.8,0.118,19,0.579,14,0.429,0,0,0.514,5.8,3.3,14.6,1,12.7,0.75,0,8.3
Brandon Knight,Mil,PG,22,17,27,54.6,27.2,0.191,56,0.839,133,0.391,62,0.339,0.487,12.6,3.5,7.3,3.6,25.4,0.71,0.12,8
Kyle Korver,Atl,SG,32,22,33.9,70.4,14.4,0.135,19,0.842,67,0.537,129,0.512,0.7,13,3.9,6.6,2.6,11.6,1.09,0.36,6
Kosta Koufos,Mem,C,24,25,21.5,44.5,19.2,0.125,39,0.692,179,0.425,0,0,0.456,7.2,6.9,19,0.8,5.8,0.52,1.12,6.3
Doron Lamb,Orl,SG,22,9,8,16,12.2,0.207,3,0.667,3,0.333,11,0.273,0.424,1.4,0.2,1.6,0.8,14.1,0,0,3
Jeremy Lamb,Okc,SG,21,24,20.6,42.5,19,0.065,13,1,118,0.542,78,0.397,0.58,9.8,2.5,6.4,1.2,9.3,0.63,0.38,6
Shane Larkin,Dal,PG,21,13,12.9,27,20.7,0.23,10,0.6,41,0.366,15,0.267,0.397,3.7,0.8,3.4,2,22.1,1.15,0,5.6
Ty Lawson,Den,PG,26,22,34.2,71.3,24.2,0.143,145,0.759,226,0.46,70,0.371,0.55,18,3.6,5.6,8,38,1.27,0.18,9.4
Courtney Lee,Bos,SG,28,24,16.5,34.4,19.2,0.12,18,0.889,102,0.529,37,0.486,0.606,7.4,1.5,5.1,0.9,9.6,0.58,0.21,5.2
David Lee,Gol,PF,30,26,33.6,69.5,23.7,0.128,126,0.81,352,0.491,1,0,0.548,17.2,9.8,16,2.1,10.4,0.62,0.35,8.4
Alex Len,Pho,C,20,4,7.7,15.6,15.9,0.276,2,0.5,7,0.429,0,0,0.444,1.8,1.8,13,0.3,4.7,0.5,0.5,5.1
Kawhi Leonard,San,SF,22,25,28.1,58.6,19,0.098,32,0.781,188,0.574,64,0.297,0.56,11.9,6,12.1,1.6,8.6,1.88,0.4,6.9
Meyers Leonard,Por,C,21,6,7,14.1,12,0.086,6,1,8,0.5,0,0,0.658,2.3,2,15.6,0.2,3.3,0.17,0.17,5.6
Jon Leuer,Mem,PF,24,16,19.9,41,21.4,0.088,17,0.882,104,0.5,23,0.565,0.587,9.9,4.8,14.3,0.6,5.7,0.5,0.44,6.1
Rashard Lewis,Mia,SF,34,24,18.8,39.2,11.8,0.133,13,0.692,31,0.516,61,0.344,0.532,4.3,2.3,7.7,1.2,8.9,1.13,0.25,4.9
Damian Lillard,Por,PG,23,27,35.9,74.1,25.3,0.107,153,0.895,241,0.39,194,0.428,0.571,21.3,3.7,5.7,5.9,25.5,0.81,0.37,8.6
Jeremy Lin,Hou,PG,25,18,28.5,58.5,21.7,0.201,90,0.8,99,0.576,64,0.375,0.637,14.3,2.4,4.8,4.2,23.7,1.17,0.44,7.4
Shaun Livingston,Bro,PG,28,25,22,45.4,14.9,0.169,51,0.843,122,0.451,3,0.333,0.529,6.2,2.4,6.2,3,21.6,0.84,0.36,6.4
Brook Lopez,Bro,C,25,16,30.4,62.6,26.9,0.092,108,0.833,209,0.574,1,0,0.641,20.6,5.9,11.3,1,6.9,0.44,1.81,6.5
Robin Lopez,Por,C,25,27,29.9,61.8,13.2,0.119,63,0.794,188,0.537,0,0,0.584,9.3,8.4,15.3,0.8,3.9,0.41,1.44,5.3
Kevin Love,Min,PF,25,25,35.9,74.4,28.5,0.108,186,0.823,300,0.48,163,0.387,0.578,25.2,13.7,20.4,4.2,21,0.84,0.36,12.6
Kyle Lowry,Tor,PG,27,23,36.2,74,19,0.156,77,0.818,128,0.484,136,0.353,0.556,14.4,3.7,5.9,6.8,31.2,1.74,0.17,7.9
John Lucas,Uta,PG,31,21,18.3,37.7,16.1,0.095,9,0.778,67,0.328,53,0.34,0.424,5,1.1,3.6,1.5,12.8,0.29,0,4.4
Shelvin Mack,Atl,PG,24,20,17.3,35.9,18.2,0.108,16,0.813,80,0.513,37,0.378,0.552,6.9,1.7,5.5,3.4,30.5,0.7,0,7.9
Ian Mahinmi,Ind,C,27,24,14.9,30.8,11.1,0.242,40,0.65,48,0.354,0,0,0.457,2.5,2.8,10.7,0.2,1.6,0.46,0.88,3
Shawn Marion,Dal,SF,35,25,31.9,66.4,17,0.108,38,0.789,193,0.482,62,0.339,0.513,11.2,7.2,12.8,1.7,7.9,1.24,0.8,6.5
Cartier Martin,Atl,SF,29,23,18,37.3,17.7,0.118,28,0.821,50,0.4,80,0.4,0.559,6.9,2.1,6.7,0.8,6.5,0.57,0.17,5
Kenyon Martin,Nyk,PF,36,19,19.3,39.6,10.1,0.138,15,0.533,61,0.525,1,0,0.525,3.8,4.3,13.4,1.7,13.4,1,0.89,6.3
Kevin Martin,Min,SG,30,24,33.8,70,24.6,0.078,143,0.93,248,0.415,129,0.403,0.563,20.6,3.4,5.4,2.1,10.5,1.33,0.04,6.2
Roger Mason,Mia,SG,33,10,11.7,24.4,17.9,0.158,3,1,13,0.462,23,0.478,0.643,4.8,1,5.4,0.9,11.8,0.3,0.1,5.6
Wesley Matthews,Por,SG,27,27,34,70.3,17.6,0.089,79,0.81,148,0.561,156,0.442,0.645,16.2,4.1,6.7,2,8.8,0.93,0.15,6
Jason Maxiell,Orl,PF,30,19,16.8,34.5,13,0.077,19,0.474,76,0.487,0,0,0.492,4.4,2.7,9.2,0.2,2,0.21,0.68,3.2
Eric Maynor,Was,PG,26,20,9.8,19.7,19.9,0.197,3,0.667,45,0.289,23,0.348,0.375,2.6,1.2,7.1,1.9,29.9,0.25,0.05,7.4
O.J. Mayo,Mil,SG,26,24,30.7,62.6,24.1,0.15,57,0.912,199,0.407,104,0.385,0.509,13.9,2.8,5.2,2.8,17.3,0.63,0.17,6.2
Luc Mbah a Moute,Sac,SF,27,9,21.6,44,9.5,0.096,13,0.692,29,0.483,3,0.333,0.53,4.4,3,8,1.7,11.4,1,0.56,5.2
Luc Mbah a Moute,Min,PF,27,9,16.9,34.9,12.7,0.173,12,0.5,31,0.484,2,0.5,0.509,4.3,3.2,10.2,0.6,4.8,0.44,0.22,4.8
JaVale McGee,Den,C,26,5,15.7,32.7,26.2,0.169,1,1,39,0.436,0,0,0.444,7,3.4,11.5,0.4,4.4,0.2,1.4,5.4
Ben McLemore,Sac,SG,20,24,25.5,52.7,18.5,0.102,40,0.8,116,0.379,95,0.326,0.466,8.9,3.2,7.1,1.1,7,0.67,0.17,4.9
Josh McRoberts,Cha,PF,26,25,29.1,60.4,14.3,0.126,32,0.656,104,0.51,83,0.337,0.525,8.4,5.7,10.9,4.2,24.6,0.96,0.48,8.1
Jodie Meeks,Lal,SG,26,25,28.8,60,17.5,0.101,48,0.813,114,0.5,122,0.426,0.601,12.4,2.6,4.8,0.9,5.1,0.88,0.04,4.3
Gal Mekel,Dal,PG,25,20,11.3,23.6,19.3,0.244,10,0.8,53,0.415,17,0.294,0.45,3.4,1,4.7,2.1,26.8,0.2,0.05,6.8
Khris Middleton,Mil,SF,22,25,27.3,55.8,18.9,0.114,40,0.85,167,0.443,65,0.477,0.551,11,3.9,8.2,1.6,10.6,0.84,0.32,6
C.J. Miles,Cle,SG,26,20,17.8,36.5,22.2,0.095,14,0.929,78,0.487,77,0.338,0.518,8.4,2,6.3,1,9.9,0.8,0.4,5.8
Andre Miller,Den,SG,37,24,19.4,40.5,15.8,0.17,37,0.73,109,0.44,16,0.563,0.531,6.3,2.6,7.2,3.5,26.6,0.54,0.17,8
Darius Miller,Nor,SF,23,4,8.9,16.9,8.6,0,0,0,3,0.333,4,0,0.143,0.5,0.8,4.7,0.8,10.9,0,0,3.1
Mike Miller,Mem,SF,33,25,23.6,48.8,13.7,0.159,15,0.867,58,0.448,83,0.446,0.596,7,3.4,8.5,1.7,11,0.36,0,5.8
Patrick Mills,San,PG,25,25,16.2,33.8,20.2,0.1,27,0.815,74,0.5,76,0.447,0.612,7.9,1.3,4.6,1.5,13.4,1.08,0.08,6.1
Paul Millsap,Atl,PF,28,25,32.3,66.9,23.7,0.126,108,0.657,268,0.507,53,0.434,0.559,16.5,8.1,14.4,2.8,14.3,1.68,1,8.9
Nazr Mohammed,Chi,C,36,23,8,16.3,13.1,0.283,9,0.444,34,0.353,0,0,0.369,1.2,2.3,16.2,0.3,6.9,0.26,0.39,4.7
Greg Monroe,Det,PF,23,27,33.8,69.5,20.8,0.149,123,0.626,317,0.511,0,0,0.54,14.9,8.9,14.8,2.1,10.2,1.11,0.7,7.7
E'Twaun Moore,Orl,SF,24,26,20.7,42.7,15,0.107,20,0.9,92,0.435,58,0.379,0.516,6.3,1.9,5.2,1.7,12.5,0.81,0.12,5.3
Darius Morris,Phi,PG,23,12,15.9,31.5,21.2,0.199,21,0.714,43,0.442,24,0.417,0.544,6.9,1.1,3.7,2.6,25.1,0.67,0,6.8
Marcus Morris,Pho,SF,24,24,22.6,47,20.7,0.124,50,0.76,124,0.5,74,0.419,0.58,10.6,4.7,11.9,0.9,6.6,0.96,0.25,6.3
Markieff Morris,Pho,PF,24,23,25.6,53.2,22.5,0.139,84,0.786,200,0.51,18,0.333,0.565,12.5,6,13.4,1.7,10.7,0.91,0.35,7.9
Anthony Morrow,Nor,SG,28,24,16.3,33.3,17.2,0.072,19,0.789,75,0.453,58,0.466,0.58,6.8,1.4,4.8,0.6,6,0.54,0.17,4.4
Donatas Motiejunas,Hou,PF,23,12,7.5,15.3,24.1,0.101,17,0.529,23,0.478,14,0.143,0.416,3.1,1.6,11.7,0.1,1.8,0.08,0.25,4.2
Timofey Mozgov,Den,C,27,24,18.6,38.7,20.4,0.185,78,0.718,134,0.537,3,0,0.584,8.3,6,17.1,0.4,3.6,0.29,1.25,5.8
Byron Mullens,Lac,C,24,16,7.6,15.8,20.4,0.161,4,0.25,16,0.688,29,0.276,0.503,2.9,1.4,10.1,0.4,7.9,0.31,0.19,6.2
Hamady N'Diaye,Sac,C,27,14,5.1,10.4,7.8,0.241,1,0,9,0.333,0,0,0.318,0.4,1.3,14.6,0.2,6,0,0.29,3.7
Steve Nash,Lal,PG,39,6,22.3,46.4,20.9,0.19,12,0.917,33,0.212,13,0.385,0.39,6.7,1.5,3.6,4.8,31.4,0.33,0.17,6.5
Gary Neal,Mil,SG,29,20,20.9,42.5,25.4,0.117,39,0.846,113,0.345,74,0.446,0.514,10.5,2,5.3,1.8,16.1,0.15,0,6.4
Nemanja Nedovic,Gol,SG,22,19,6.5,13.4,16.7,0.257,6,0.833,17,0.294,15,0.133,0.303,1.1,0.7,5.8,0.6,13.2,0,0.05,4.8
Jameer Nelson,Orl,PG,31,23,32.9,67.7,21,0.179,41,0.854,127,0.417,143,0.371,0.521,13,3.5,6,6.1,30.2,0.91,0.13,7.9
Andrew Nicholson,Orl,PF,24,26,20.8,42.8,20.3,0.107,36,0.861,151,0.53,50,0.36,0.565,9.4,5.2,14.2,0.3,2.3,0.23,0.5,4.7
Joakim Noah,Chi,C,28,23,31.9,65.3,16.3,0.148,76,0.658,191,0.476,0,0,0.517,10.1,9.4,16.5,3.5,18.8,1,1.13,8.7
Steve Novak,Tor,PF,30,15,13.2,26.8,14,0,4,1,11,0.182,49,0.347,0.478,3.9,1.3,5.9,0.4,4.7,0.27,0,3.8
Dirk Nowitzki,Dal,PF,35,24,32.2,67.2,26.4,0.089,110,0.927,284,0.518,86,0.419,0.602,21,6,10.4,2.9,15.7,1.13,0.75,8.9
Jermaine O'Neal,Gol,PF,35,17,18.4,37.9,16.9,0.192,40,0.75,79,0.481,0,0,0.549,6.2,4.5,13.5,0.3,2.4,0.47,0.88,4.4
Kyle O'Quinn,Orl,C,23,17,10,20.5,16.8,0.19,12,0.833,46,0.522,0,0,0.566,3.4,2.9,16.5,0.5,8.7,0.12,0.65,6.8
Victor Oladipo,Orl,PG,21,26,31.4,64.7,24.5,0.204,107,0.757,226,0.442,79,0.278,0.493,13.3,4.5,8.1,3.4,18.1,1.69,0.77,7.5
Kelly Olynyk,Bos,C,22,17,20.5,42.6,20.9,0.219,23,0.957,90,0.444,25,0.24,0.48,7.1,5,14.1,1.5,11.4,0.47,0.29,7.3
Arinze Onuaku,Nor,PF,26,3,8.3,15.2,10.4,0.17,2,0.5,4,0.25,0,0,0.307,1,2.3,15.8,1,16,0,0,6.4
Daniel Orton,Phi,C,23,19,10.7,21.6,14.2,0.25,25,0.76,40,0.45,0,0,0.539,2.9,2.7,13.7,0.7,9,0.26,0.58,6.6
Travis Outlaw,Sac,SF,29,21,16.2,33.3,15.8,0.066,24,0.917,68,0.441,34,0.294,0.498,5.3,3.3,11.7,0.5,5.1,0.38,0.38,5.1
Zaza Pachulia,Mil,C,29,17,25,50.5,16.7,0.189,45,0.933,104,0.365,1,0,0.473,6.9,6.5,14.9,1.8,11.8,0.94,0.29,6.9
Tony Parker,San,PG,31,23,30,62.5,27.4,0.132,75,0.72,302,0.523,27,0.407,0.557,17.5,2.5,4.8,6.1,33.1,0.43,0.04,8.6
Chandler Parsons,Hou,SF,25,24,36.8,75.7,19.5,0.13,74,0.716,206,0.563,102,0.412,0.603,17.1,5,7.6,3.9,17.7,1.17,0.58,7.5
Patrick Patterson,Sac,PF,24,17,24.1,49.7,15.7,0.11,16,0.563,83,0.494,39,0.231,0.457,6.9,5.8,13.8,0.9,5.8,0.76,0.18,5.5
Patrick Patterson,Tor,F,24,3,20.9,38.3,13,0.165,5,1,10,0.5,3,0.667,0.691,7,3.7,10.2,0.7,5.1,0,1,5
Chris Paul,Lac,PG,28,26,34.4,71.3,24.8,0.131,157,0.873,267,0.509,96,0.344,0.588,19.5,4.7,7.7,11.3,55.6,2.35,0.12,11.8
Nikola Pekovic,Min,C,28,26,32.9,68.2,20.7,0.099,113,0.717,332,0.53,0,0,0.567,16.7,8.7,14.1,1,5.2,0.46,0.38,6.4
Kendrick Perkins,Okc,C,29,22,17.9,36.9,10.7,0.3,22,0.636,57,0.491,1,0,0.517,3.2,3.5,10.7,1.4,10.4,0.36,0.55,5.6
Paul Pierce,Bro,SF,36,20,28.8,59.3,22.6,0.175,88,0.841,117,0.444,76,0.329,0.546,12.7,5.2,10.4,2.9,17,0.75,0.15,8
Mason Plumlee,Bro,PF,23,20,16.9,34.8,14.4,0.143,64,0.625,62,0.694,0,0,0.699,6.3,3.1,10.5,0.5,4.5,0.5,0.5,5.1
Miles Plumlee,Pho,C,25,24,28,58,17.4,0.13,52,0.481,205,0.507,0,0,0.511,9.7,8.6,17.6,0.6,3.3,0.67,1.96,5.3
Quincy Pondexter,Mem,SG,25,15,17.8,36.6,18.2,0.142,26,0.808,45,0.444,34,0.324,0.52,6.3,1.7,5.8,1.4,12.3,0.33,0.07,5.5
Otto Porter,Was,SF,20,5,10,18.6,10.8,0.083,0,0,9,0.222,2,0,0.182,0.8,2,11.5,0.2,2.8,0,0,2.7
Phil Pressey,Bos,PG,22,24,11.5,24,14.5,0.17,19,0.579,43,0.326,22,0.136,0.327,2,1.2,5.8,1.8,22.8,0.75,0.04,5.7
Ronnie Price,Orl,SG,30,16,10.5,21.5,12.5,0.173,5,0.6,18,0.333,18,0.278,0.393,1.9,1.7,9.1,1.6,21.7,0.75,0.13,6.6
Pablo Prigioni,Nyk,PG,36,24,18.6,38.2,9.8,0.192,2,1,17,0.471,58,0.431,0.613,3.9,1.9,6,3.2,25.6,1.25,0.04,6.2
Tayshaun Prince,Mem,SF,33,24,26.4,54.5,13.9,0.089,23,0.652,148,0.405,15,0.2,0.416,6,3,6.8,1.5,8.7,0.54,0.21,4.5
Miroslav Raduljica,Mil,C,26,12,8.4,16.7,18,0.127,10,0.8,30,0.567,0,0,0.61,3.5,2,13.6,0.7,15.3,0,0.33,8.1
Anthony Randolph,Den,PF,24,8,13.3,27.7,19.4,0.21,15,0.8,23,0.435,8,0.25,0.505,4.8,3.5,13.9,0.6,6.9,0.75,0.63,6.5
Zach Randolph,Mem,PF,32,23,32.3,66.7,26.6,0.138,105,0.762,316,0.456,6,0,0.5,16,9.6,17.6,2.3,12.5,0.65,0.13,8.8
J.J. Redick,Lac,SG,29,17,28,57.9,22.6,0.07,55,0.927,108,0.546,92,0.359,0.598,15.8,2.2,4.5,2.1,12.6,0.88,0.18,6
Glen Rice,Was,SG,23,11,9.7,19.1,20.8,0.183,7,0.714,20,0.3,17,0.294,0.399,2.9,1.8,10.9,0.6,10.1,0.55,0.09,6
Luke Ridnour,Mil,PG,32,15,19.9,40,17.4,0.168,11,0.545,69,0.362,20,0.3,0.394,4.9,1.7,4.8,3.2,27.5,0.93,0.07,6
Austin Rivers,Nor,SG,21,17,11.7,23.8,19.3,0.103,32,0.625,50,0.36,14,0.357,0.455,4.2,1.1,5.1,1,12.6,0.47,0.06,5.7
Andre Roberson,Okc,PF,22,10,9.2,18.8,9.8,0.337,4,0.75,8,0.625,4,0.25,0.581,1.6,2.3,13.5,0.2,2.9,0.3,0.2,3.9
Brian Roberts,Nor,PG,28,19,14.5,29.5,17.8,0.09,16,1,58,0.414,36,0.361,0.51,5.4,1.1,4.3,2.3,23.7,0.32,0.05,6.6
Nate Robinson,Den,PG,29,24,20.7,43.2,24.7,0.102,51,0.843,150,0.427,82,0.378,0.519,11,2.1,5.3,2.6,20.7,0.83,0.13,7.6
Thomas Robinson,Por,PF,22,27,11,22.7,23.7,0.105,44,0.636,125,0.448,0,0,0.485,5.2,3.6,17.7,0.4,5.3,0.26,0.15,7.1
Derrick Rose,Chi,PG,25,10,31,61.9,31,0.16,32,0.844,117,0.359,47,0.34,0.446,15.9,3.2,5.8,4.3,26.9,0.5,0.1,7.8
Terrence Ross,Tor,SG,22,23,20.7,42.4,17.8,0.111,22,0.773,80,0.463,79,0.354,0.519,7.6,2.9,8,0.7,5.9,0.52,0.26,4.8
Ricky Rubio,Min,PG,23,26,32.1,66.6,17,0.228,78,0.846,175,0.349,52,0.365,0.469,9.4,4.5,7.4,7.9,35.6,2.85,0.15,8.6
Brandon Rush,Uta,SG,28,9,13.2,26.9,10.4,0.292,1,1,11,0.273,8,0.5,0.489,2.1,1,4.3,1,11.2,0.11,0.33,3.9
Robert Sacre,Lal,C,24,12,12.7,26.5,15,0.077,18,0.667,40,0.5,0,0,0.543,4.3,2.8,11.9,0.8,10.1,0.33,1.17,6.7
John Salmons,Sac,SF,34,18,24.6,50.7,13.5,0.104,7,1,75,0.333,42,0.381,0.437,5.8,2.6,6,2.4,15,0.67,0.44,5.4
John Salmons,Tor,G,34,3,23.8,43.5,13,0.048,4,0.75,12,0.25,6,0.667,0.531,7,2.7,6.5,1.7,11,0.67,0.33,5.3
Larry Sanders,Mil,C,25,3,17.3,30.7,16.9,0.158,0,0,16,0.25,0,0,0.25,2.7,3.7,12.1,0.7,6.3,0,2,4.4
Dennis Schroeder,Atl,PG,20,11,13.7,28.4,20.5,0.264,12,0.667,36,0.417,9,0.111,0.408,3.7,1.1,4.6,2.5,26,0.36,0,6.3
Luis Scola,Ind,PF,33,25,18.3,37.9,24,0.175,42,0.714,176,0.534,3,0,0.552,8.7,4.4,13.8,0.7,6.9,0.4,0.24,6.5
Mike Scott,Atl,PF,25,24,13.2,27.4,24,0.113,36,0.778,98,0.531,35,0.314,0.554,6.9,2.8,12.3,0.7,9,0.25,0.08,7.2
Thabo Sefolosha,Okc,SG,29,20,26.1,53.9,12.1,0.151,18,0.889,75,0.493,41,0.268,0.496,6.2,4.2,8.5,1.3,7,1.35,0.35,5
Kevin Seraphin,Was,C,24,19,8.7,17.6,25.7,0.158,13,0.923,74,0.459,0,0,0.502,4.2,1.8,11.8,0.3,5.4,0.05,0.37,6
Ramon Sessions,Cha,PG,27,26,21.6,44.7,25.9,0.144,126,0.762,186,0.435,33,0.212,0.508,10.7,2.1,5.4,2.9,24.8,0.58,0.15,7.5
Tornike Shengelia,Bro,SF,22,11,10.1,20.7,14.7,0.282,8,0.375,16,0.563,6,0,0.411,1.9,1.2,6.8,0.8,12.5,0.18,0,4.8
Iman Shumpert,Nyk,SG,23,25,28.2,58,12.9,0.138,31,0.839,87,0.391,68,0.324,0.474,6.4,4.6,9.9,2.1,11.2,1.28,0.2,5.6
Alexey Shved,Min,SG,25,23,9.6,20,17.7,0.138,27,0.741,37,0.324,32,0.219,0.402,2.8,1.2,6.8,0.9,13.5,0.3,0.22,6
Henry Sims,Cle,C,23,6,5.7,11.3,17.8,0.218,4,0.5,9,0.444,0,0,0.465,1.7,2.8,27.7,0.2,4.6,0,0.33,6.9
Kyle Singler,Det,SF,25,27,22.3,46,14.2,0.091,66,0.833,88,0.568,62,0.323,0.6,8,3.1,7.9,0.6,3.7,0.41,0.44,4.4
Chris Singleton,Was,SF,24,7,15.4,29.4,18,0.186,9,0.778,19,0.316,12,0.417,0.486,4.9,3.6,13.4,0.3,2.8,0.71,0.29,4.5
Peyton Siva,Det,SG,23,13,5.6,11.5,12.4,0.619,0,0,6,0.333,2,0,0.25,0.3,0.6,6.2,0.6,14.3,0.23,0.08,3.4
Donald Sloan,Ind,SG,26,10,8.4,17.2,16,0.138,7,0.714,11,0.636,11,0.273,0.558,2.8,1.6,10.9,1.2,23,0.5,0,8.3
Greg Smith,Hou,C,23,6,8.3,16.4,17.2,0.206,1,0,15,0.733,0,0,0.712,3.7,3.3,22.4,0,0,0,0.17,0
Ishmael Smith,Pho,PG,25,13,11.8,24.4,17.9,0.196,3,1,39,0.359,9,0.111,0.345,2.6,1.2,5.6,2,24.6,0.77,0.23,6.2
J.R. Smith,Nyk,SF,28,20,31,63.5,21,0.111,31,0.645,106,0.33,128,0.336,0.442,11,4.2,8.1,2.6,13.4,1,0.1,6.4
Jason Smith,Nor,PF,27,24,28.1,57.6,16.9,0.074,38,0.763,222,0.482,0,0,0.509,10.1,6.3,12.5,0.8,4.7,0.42,1.13,5.3
Josh Smith,Det,SF,28,27,35.7,73.4,22.9,0.132,94,0.585,285,0.467,114,0.263,0.467,15.2,6.5,10.4,3.4,15.2,1.52,1.44,7.8
Tony Snell,Chi,SG,22,20,16.9,34.6,14.5,0.138,13,0.692,44,0.477,44,0.341,0.512,4.8,1.4,4.4,1.1,10.4,0.3,0.2,4.6
Marreese Speights,Gol,C,26,26,11.4,23.5,24.3,0.105,31,0.806,120,0.35,12,0.333,0.415,4.7,3.5,17.1,0.5,6.4,0.08,0.23,7.1
Tiago Splitter,San,C,29,21,20.1,41.9,17.4,0.148,54,0.667,114,0.588,0,0,0.617,8.1,6.3,17.7,1,7.1,0.38,0.43,7.4
Lance Stephenson,Ind,SG,23,25,34.9,72.4,18.6,0.178,54,0.667,194,0.536,73,0.356,0.554,12.9,6.6,10.7,4.9,23.5,0.76,0.12,8.6
Greg Stiemsma,Nor,C,28,8,15.1,29.8,9.1,0.363,4,0.5,14,0.5,0,0,0.508,2,4.6,17.3,0.4,3.4,0.13,1,4.1
Julyan Stone,Tor,SG,25,12,7.2,14.5,10,0.155,3,0.667,8,0.625,7,0.286,0.551,1.5,0.6,4.7,0.8,17.7,0.08,0,5
Amar'e Stoudemire,Nyk,C,31,19,17.7,36.3,21.8,0.146,37,0.568,118,0.534,0,0,0.547,7.7,3.6,12.1,0.5,4.8,0.58,0.37,5.4
Rodney Stuckey,Det,SG,27,23,27.5,56.6,25,0.118,102,0.833,244,0.48,32,0.313,0.544,15.2,2.4,4.9,2.2,13.6,0.83,0.22,6.3
Jared Sullinger,Bos,PF,21,25,26.8,55.9,24.8,0.112,66,0.773,229,0.524,67,0.313,0.545,14.2,7.1,15.3,1.8,12.2,0.44,0.52,8.5
Jeff Taylor,Cha,SF,24,25,25,51.8,19.1,0.091,47,0.553,151,0.424,67,0.269,0.436,8.3,2.4,5.3,0.9,6.2,0.52,0.2,4.2
Tyshawn Taylor,Bro,PG,23,17,14.5,29.8,23.2,0.219,28,0.786,72,0.361,12,0.25,0.431,4.9,0.8,3.3,2.1,23.4,0.65,0.06,5.6
Jeff Teague,Atl,PG,25,26,32.7,67.9,26.3,0.176,147,0.823,278,0.435,64,0.281,0.513,16,2.8,4.9,8,39,1.23,0.15,8.7
Marquis Teague,Chi,SG,20,16,13.4,27.1,17,0.174,12,0.667,53,0.264,8,0.125,0.294,2.4,0.9,3.9,1.7,20,0.13,0.25,4.6
Mirza Teletovic,Bro,SF,28,18,15.4,31.7,19.6,0.102,17,0.588,39,0.359,59,0.39,0.507,5.9,3.6,13.4,0.5,5.5,0.33,0.22,5.7
Garrett Temple,Was,SG,27,22,10.1,20.6,13.6,0.268,7,0.571,36,0.389,10,0.1,0.357,1.6,1,5.4,1,13.6,0.36,0.14,4.6
Jason Terry,Bro,PG,36,11,17.2,35.1,15.5,0.111,5,0.8,20,0.45,34,0.353,0.516,5.3,1.2,4,1.5,14.7,0.27,0,4.9
Hasheem Thabeet,Okc,C,26,4,7.8,15.3,11.8,0.237,1,0,6,0.5,0,0,0.466,1.5,2.8,19.1,0.3,4.6,0,0,5.5
Isaiah Thomas,Sac,PG,24,24,30.2,62.5,27.3,0.144,126,0.881,228,0.482,98,0.418,0.595,18.9,2.4,4.6,5.5,33.4,1.38,0,8.3
Lance Thomas,Nor,SF,25,5,8.3,15.9,13.6,0.157,4,0.5,9,0.222,0,0,0.279,1.2,1.4,9.5,0.6,9.7,0,0,4.8
Hollis Thompson,Phi,SF,22,24,20.6,41.9,12.9,0.139,29,0.759,70,0.543,47,0.34,0.563,6.1,3.6,9.5,0.9,6.2,0.5,0.17,5.2
Jason Thompson,Sac,PF,27,24,22.5,46.4,16.7,0.148,43,0.674,154,0.474,0,0,0.506,7.3,5.6,14.2,0.8,6,0.21,0.63,5.7
Klay Thompson,Gol,SG,23,26,38,78.6,22.3,0.106,74,0.784,226,0.482,188,0.436,0.584,20.1,3.2,4.6,2.7,12,0.88,0.46,5.9
Tristan Thompson,Cle,PF,22,24,32.3,66.4,18,0.111,101,0.693,234,0.444,1,0,0.497,11.6,9.9,17,0.8,4.2,0.63,0.5,5.6
Marcus Thornton,Sac,SG,26,18,24.2,49.9,17.3,0.047,20,0.8,75,0.427,78,0.282,0.451,8.1,2.9,7,1.1,6.9,0.83,0.22,4.9
Jamaal Tinsley,Uta,PG,35,8,13.6,27.6,12,0.31,0,0,5,0.6,15,0.067,0.225,1.1,1.4,5.8,2.9,30.3,0.25,0,4.8
Anthony Tolliver,Cha,PF,28,17,15,31,10.9,0.131,5,0.8,12,0.25,39,0.41,0.545,3.4,2.4,8.7,0.8,8.1,0.24,0.24,5
P.J. Tucker,Pho,SF,28,24,31.2,64.8,14.3,0.142,48,0.708,123,0.398,61,0.475,0.534,9.1,5.5,10,1.7,8,1.42,0.21,5.6
Ronny Turiaf,Min,PF,31,2,9.2,18.2,10.1,0,1,1,4,0.25,0,0,0.338,1.5,1.5,8.7,1,14.8,0.5,0.5,5.7
Evan Turner,Phi,SF,25,26,36.2,73.6,26,0.16,115,0.826,362,0.47,72,0.306,0.517,19.3,6.5,9.8,3.9,18.3,1,0,8.7
Ekpe Udoh,Mil,PF,26,22,21.5,43.8,12.7,0.176,35,0.571,92,0.424,0,0,0.456,4.5,4.1,10.8,0.7,5.6,0.5,1.18,4.4
Beno Udrih,Nyk,SG,31,18,16.4,33.6,18.7,0.194,12,0.75,65,0.431,25,0.52,0.546,5.8,1.8,6.7,2.4,24.2,0.5,0,7.1
Jonas Valanciunas,Tor,C,21,23,27.3,55.9,18.1,0.162,49,0.796,191,0.482,0,0,0.525,9.7,7.8,16.5,0.7,4.6,0.35,1,5.5
Anderson Varejao,Cle,C,31,24,28.6,58.8,13.5,0.105,50,0.7,161,0.509,4,0,0.532,8.3,8.5,16.7,2.2,12.1,1.08,0.71,7.5
Greivis Vasquez,Sac,PG,27,18,25.6,52.8,18.4,0.141,32,0.938,100,0.49,50,0.32,0.536,9.8,1.9,4.2,5.3,33.6,0.33,0.06,7.2
Greivis Vasquez,Tor,G,27,3,21,38.3,25.8,0.166,5,0.8,19,0.474,9,0.222,0.464,9.3,2.7,7.4,5.3,45.2,0.67,0,9.7
Jan Vesely,Was,PF,23,17,17.4,35,11.3,0.242,19,0.316,48,0.458,0,0,0.444,2.9,4.2,14,0.4,3.5,1.12,0.53,3.9
Charlie Villanueva,Det,PF,29,7,8.5,17,24.1,0.03,0,0,11,0.727,21,0.333,0.578,5.3,1.3,8.6,0.3,6.2,0.29,0.29,6
Nikola Vucevic,Orl,C,23,22,33.5,68.9,20.3,0.161,59,0.797,251,0.514,0,0,0.551,13.9,11.5,19.3,2.2,11.3,1.18,1.05,8.4
Dwyane Wade,Mia,SG,32,19,33.5,69.8,28.6,0.164,108,0.741,264,0.553,10,0.2,0.588,19.9,4.8,9.1,4.8,25.5,2,0.58,9.2
Dion Waiters,Cle,SG,22,22,28.3,58.2,26.6,0.145,81,0.691,216,0.44,67,0.403,0.513,14.9,3.2,6.4,2.5,16,1,0.27,7
Kemba Walker,Cha,PG,23,26,35.2,73,26,0.126,113,0.796,291,0.436,118,0.339,0.506,17.8,4.1,6.4,4.5,24.3,1.5,0.54,7.8
John Wall,Was,PG,23,24,37.4,76,27.7,0.167,123,0.837,316,0.443,89,0.326,0.512,19.6,4.4,6.8,9.1,42.6,2.08,0.42,9.9
Gerald Wallace,Bos,SF,31,27,23.5,48.9,11.8,0.327,39,0.359,63,0.556,31,0.355,0.526,4.3,3.6,8.7,2.6,15.8,1.33,0.19,5.8
C.J. Watson,Ind,PG,29,24,19.6,40.6,16.3,0.114,39,0.821,70,0.4,61,0.344,0.51,6.3,1.7,4.8,1.9,15,0.92,0.17,5.6
Earl Watson,Por,PG,34,6,6.4,12.8,11.3,0.709,2,1,1,0,1,0,0.347,0.3,0.5,4.3,1.3,25.5,0.17,0,3.6
Martell Webster,Was,SF,27,23,32.5,66,15.3,0.055,58,0.845,83,0.53,132,0.417,0.628,13.1,4.7,8.3,2,9.8,0.91,0.3,6.1
David West,Ind,PF,33,25,30.3,63,22.2,0.114,77,0.792,286,0.476,6,0.167,0.516,13.4,7,13.1,3,17.5,0.92,0.92,8.7
Russell Westbrook,Okc,PG,25,21,32.9,67.9,32.9,0.163,125,0.776,282,0.45,100,0.3,0.505,21,5.8,9.4,6.7,35.3,1.9,0.1,11.4
Deron Williams,Bro,PG,29,14,27.9,57.3,22.8,0.198,37,0.784,93,0.473,45,0.422,0.564,12.4,2.4,4.9,7.1,45.3,0.64,0.21,8.5
Derrick Williams,Min,PF,22,11,14.5,30,17.5,0.089,16,0.875,39,0.436,15,0.133,0.442,4.9,2.4,8.7,0.1,0.9,0.36,0.36,2.9
Derrick Williams,Sac,SF,22,11,27.2,55.6,18.9,0.102,41,0.78,73,0.521,23,0.348,0.579,12,4.5,9.6,1.2,7.2,1,0.18,5.9
Elliot Williams,Phi,SG,24,12,10.3,20.4,18.5,0.13,16,0.688,25,0.4,15,0.267,0.457,3.6,1.1,5.7,0.3,4.7,0.17,0.08,4.1
Louis Williams,Atl,PG,27,13,21.5,44.3,21.9,0.134,15,0.8,58,0.397,52,0.365,0.493,8.8,1.5,4.1,3.5,25.1,0.69,0.23,6.7
Marvin Williams,Uta,PF,27,18,26.2,54,16.5,0.087,13,0.692,76,0.513,76,0.395,0.561,9.8,5.1,11,1.4,9,1.11,0.5,6.3
Mo Williams,Por,PG,31,26,24.2,50,20.9,0.189,19,0.895,164,0.433,73,0.37,0.489,9.2,2,4.5,4.5,27.6,0.73,0.31,7.2
Shawne Williams,Lal,PF,27,23,19,39.6,13.6,0.111,6,0.667,39,0.462,78,0.321,0.481,5,4,11.1,1,7.4,0.57,0.74,5.7
Jeff Withey,Nor,C,23,12,5.5,11,11.6,0.174,12,0.833,9,0.667,0,0,0.77,1.8,1.4,14.5,0.3,8.6,0.17,0.17,6.6
Nate Wolters,Mil,PG,22,21,23.7,48.2,17.3,0.133,36,0.75,123,0.455,24,0.083,0.445,6.9,2.7,6.4,4,29,0.67,0.33,7.1
Metta World Peace,Nyk,SF,34,22,15.3,31.4,20.4,0.095,14,0.714,81,0.457,46,0.304,0.473,5.7,2.1,8.2,0.7,7.6,1.05,0.32,5.3
Brandan Wright,Dal,C,26,2,15.8,32.9,24,0.059,7,0.714,13,0.692,0,0,0.715,11.5,4,14.3,0.5,6,0,1.5,7.2
Dorell Wright,Por,SF,28,27,13.7,28.3,16.5,0.1,19,0.737,35,0.4,83,0.386,0.546,5.1,2.4,9.5,0.6,6.6,0.26,0.15,5.7
Tony Wroten,Phi,SG,20,24,26.3,53.4,27.3,0.162,96,0.563,214,0.5,84,0.25,0.486,13.8,3.7,7.6,3.7,23.7,1,0.29,8.7
Nick Young,Lal,SG,28,25,26.5,55.2,23.9,0.064,96,0.792,189,0.466,105,0.381,0.553,14.9,2.3,4.6,1.4,9,0.84,0.36,5.5
Thaddeus Young,Phi,PF,25,23,32.6,66,21.8,0.111,61,0.672,273,0.509,43,0.349,0.531,15.8,6.6,11,1.6,8.3,1.35,0.52,6.8
Cody Zeller,Cha,C,21,26,17.6,36.5,19.1,0.182,40,0.725,140,0.371,0,0,0.422,5.1,4.2,13.3,1,9.6,0.46,0.42,6.3
Tyler Zeller,Cle,C,24,14,7.1,14.4,15,0.18,10,0.8,23,0.522,0,0,0.584,2.3,1.8,14.1,0.1,3.2,0.14,0.21,4.2